rownames,report_view_id,report_layout,is_public,is_default,report_id,report_mode_id,created_by_id,name_fr,name_en,created,modified,code,order,last_modification_by_id,is_public_editable,lines_number_to_display_in_grid
1,1,"<?xml version=""1.0"" encoding=""utf-16""?> <ArrayOfFieldLayoutProperties xmlns:xsd=""http://www.w3.org/2001/XMLSchema"" xmlns:xsi=""http://www.w3.org/2001/XMLSchema-instance"">   <FieldLayoutProperties FieldName=""période"" Area=""ColumnArea"" SortOrder=""Ascending",1,1,1,1,65,Défaut,Défaut,2013-11-17 ,2016-01-05 ,Défaut,0,60,0,
2,2,"<?xml version=""1.0"" encoding=""utf-16""?> <ArrayOfFieldLayoutProperties xmlns:xsd=""http://www.w3.org/2001/XMLSchema"" xmlns:xsi=""http://www.w3.org/2001/XMLSchema-instance"">   <FieldLayoutProperties FieldName=""période"" Area=""ColumnArea"" SortOrder=""Ascending",0,0,1,1,60,Chargement,Chargement,2013-11-17 ,2016-01-05 ,Chargement,0,60,0,
3,3,"<?xml version=""1.0"" encoding=""utf-16""?> <GridLayout xmlns:xsd=""http://www.w3.org/2001/XMLSchema"" xmlns:xsi=""http://www.w3.org/2001/XMLSchema-instance"">   <Fields>     <GridFieldLayoutProperties Operation=""None"" FieldName=""période"" SortOrder=""None"" Visi",0,1,2,2,60,Taux de chargement,Taux de chargement,2013-11-17 ,2013-12-20 ,Taux de chargement,0,60,,
4,4,"<?xml version=""1.0"" encoding=""utf-16""?> <ArrayOfFieldLayoutProperties xmlns:xsd=""http://www.w3.org/2001/XMLSchema"" xmlns:xsi=""http://www.w3.org/2001/XMLSchema-instance"">   <FieldLayoutProperties FieldName=""période"" Area=""ColumnArea"" SortOrder=""Ascending",0,0,1,1,60,Projets non facturables,Projets non facturables,2013-11-17 ,2016-01-05 ,Projets non facturables,0,60,0,
5,6,"<?xml version=""1.0"" encoding=""utf-16""?> <ArrayOfFieldLayoutProperties xmlns:xsd=""http://www.w3.org/2001/XMLSchema"" xmlns:xsi=""http://www.w3.org/2001/XMLSchema-instance"">   <FieldLayoutProperties FieldName=""période"" Area=""ColumnArea"" SortOrder=""Ascending",0,0,1,1,60,Communication scientifique,Communication scientifique,2013-11-17 ,2016-01-05 ,Communication scientifique,0,60,0,
6,8,"<?xml version=""1.0"" encoding=""utf-16""?> <ArrayOfFieldLayoutProperties xmlns:xsd=""http://www.w3.org/2001/XMLSchema"" xmlns:xsi=""http://www.w3.org/2001/XMLSchema-instance"">   <FieldLayoutProperties FieldName=""période"" Area=""ColumnArea"" SortOrder=""Ascending",0,0,1,1,16,suivi PSP sept 13,suivi PSP sept 13,2013-11-17 ,,suivi PSP sept 13,,,,
7,9,"<?xml version=""1.0"" encoding=""utf-16""?> <ArrayOfFieldLayoutProperties xmlns:xsd=""http://www.w3.org/2001/XMLSchema"" xmlns:xsi=""http://www.w3.org/2001/XMLSchema-instance"">   <FieldLayoutProperties FieldName=""période"" Area=""ColumnArea"" SortOrder=""Ascending",0,0,1,1,62,"",,2013-11-20 ,2013-11-20 ,4ac9bf99-d647-42aa-b2d8-ed64f3a601f7,1,62,,
8,10,"<?xml version=""1.0"" encoding=""utf-16""?> <ArrayOfFieldLayoutProperties xmlns:xsd=""http://www.w3.org/2001/XMLSchema"" xmlns:xsi=""http://www.w3.org/2001/XMLSchema-instance"">   <FieldLayoutProperties FieldName=""période"" Area=""ColumnArea"" SortOrder=""Ascending",1,1,1,1,,Défaut,Default,2013-12-03 ,2013-12-14 ,Default,0,65,0,
9,11,"<?xml version=""1.0"" encoding=""utf-16""?> <ArrayOfFieldLayoutProperties xmlns:xsd=""http://www.w3.org/2001/XMLSchema"" xmlns:xsi=""http://www.w3.org/2001/XMLSchema-instance"">   <FieldLayoutProperties FieldName=""collaborateur"" Area=""RowArea"" SortOrder=""Descen",1,1,4,1,,Défaut,Default,2013-12-03 ,2013-12-14 ,Default,0,65,0,
10,12,"<?xml version=""1.0"" encoding=""utf-16""?> <ArrayOfFieldLayoutProperties xmlns:xsd=""http://www.w3.org/2001/XMLSchema"" xmlns:xsi=""http://www.w3.org/2001/XMLSchema-instance"">   <FieldLayoutProperties FieldName=""période"" Area=""ColumnArea"" SortOrder=""Ascending",1,0,1,1,60,Formation,,2013-12-10 ,2016-01-05 ,083aaab4-7801-4fd0-a787-96745c5da159,1,60,0,
11,13,"<?xml version=""1.0"" encoding=""utf-16""?> <ArrayOfFieldLayoutProperties xmlns:xsd=""http://www.w3.org/2001/XMLSchema"" xmlns:xsi=""http://www.w3.org/2001/XMLSchema-instance"">   <FieldLayoutProperties FieldName=""code_projet"" Area=""RowArea"" SortOrder=""Ascendin",1,0,3,1,60,Consultation,,2013-12-19 ,2013-12-19 ,d063912c-5e2a-43a5-b168-148a952fc765,1,60,,
12,15,"<?xml version=""1.0"" encoding=""utf-16""?> <ArrayOfFieldLayoutProperties xmlns:xsd=""http://www.w3.org/2001/XMLSchema"" xmlns:xsi=""http://www.w3.org/2001/XMLSchema-instance"">   <FieldLayoutProperties FieldName=""code_projet"" Area=""RowArea"" SortOrder=""Ascendin",1,0,5,1,60,Consultation Epicentre,,2013-12-19 ,2015-11-24 ,60e46d83-3fcd-4b6a-94d8-ce5d2e80fccb,1,16,0,
13,16,"<?xml version=""1.0"" encoding=""utf-16""?> <ArrayOfFieldLayoutProperties xmlns:xsd=""http://www.w3.org/2001/XMLSchema"" xmlns:xsi=""http://www.w3.org/2001/XMLSchema-instance"">   <FieldLayoutProperties FieldName=""collaborateur"" Area=""RowArea"" SortOrder=""Ascend",1,1,4,1,60,Organisation des ressources,,2013-12-19 ,2013-12-19 ,ef767ace-055a-4089-af4c-93db01592d54,1,60,,
14,17,"<?xml version=""1.0"" encoding=""utf-16""?> <ArrayOfFieldLayoutProperties xmlns:xsd=""http://www.w3.org/2001/XMLSchema"" xmlns:xsi=""http://www.w3.org/2001/XMLSchema-instance"">   <FieldLayoutProperties FieldName=""période"" Area=""ColumnArea"" SortOrder=""Ascending",0,0,1,1,60,Chargement,,2014-02-10 ,2016-01-05 ,790f36b1-b214-400d-952b-8f994101cae7,2,60,0,
15,18,"<?xml version=""1.0"" encoding=""utf-16""?> <ArrayOfFieldLayoutProperties xmlns:xsd=""http://www.w3.org/2001/XMLSchema"" xmlns:xsi=""http://www.w3.org/2001/XMLSchema-instance"">   <FieldLayoutProperties FieldName=""période"" Area=""ColumnArea"" SortOrder=""Ascending",0,0,1,1,60,Suivi des absences,,2014-02-12 ,2016-01-05 ,c6ec2d4e-7484-4a25-be34-4b4280a9e58b,3,60,0,
16,19,"<?xml version=""1.0"" encoding=""utf-16""?> <ArrayOfFieldLayoutProperties xmlns:xsd=""http://www.w3.org/2001/XMLSchema"" xmlns:xsi=""http://www.w3.org/2001/XMLSchema-instance"">   <FieldLayoutProperties FieldName=""période"" Area=""ColumnArea"" SortOrder=""Ascending",0,0,1,1,16,Formation DM,,2014-04-03 ,2014-04-03 ,12a1f061-53ee-4904-a2fd-4ad0e9f99f6f,1,16,,
17,20,"<?xml version=""1.0"" encoding=""utf-16""?> <ArrayOfFieldLayoutProperties xmlns:xsd=""http://www.w3.org/2001/XMLSchema"" xmlns:xsi=""http://www.w3.org/2001/XMLSchema-instance"">   <FieldLayoutProperties FieldName=""période"" Area=""ColumnArea"" SortOrder=""Ascending",0,0,1,1,21,Elisabeth Poulet,,2014-04-17 ,2014-04-17 ,d1cc4c53-17d3-4117-a771-20b72d565046,2,21,,
18,21,"<?xml version=""1.0"" encoding=""utf-16""?> <ArrayOfFieldLayoutProperties xmlns:xsd=""http://www.w3.org/2001/XMLSchema"" xmlns:xsi=""http://www.w3.org/2001/XMLSchema-instance"">   <FieldLayoutProperties FieldName=""période"" Area=""ColumnArea"" SortOrder=""Ascending",0,0,1,1,23,TTBN 2014,,2014-04-18 ,2014-04-18 ,45ab6165-69f9-4836-a948-403df9b4be5c,2,23,,
19,22,"<?xml version=""1.0"" encoding=""utf-16""?> <ArrayOfFieldLayoutProperties xmlns:xsd=""http://www.w3.org/2001/XMLSchema"" xmlns:xsi=""http://www.w3.org/2001/XMLSchema-instance"">   <FieldLayoutProperties FieldName=""période"" Area=""ColumnArea"" SortOrder=""Ascending",0,0,1,1,23,Markers SPAQ Chad 2014,,2014-04-18 ,2014-04-18 ,6d46f94d-60d0-4622-9cb2-b767c0f5da26,3,23,,
20,23,"<?xml version=""1.0"" encoding=""utf-16""?> <ArrayOfFieldLayoutProperties xmlns:xsd=""http://www.w3.org/2001/XMLSchema"" xmlns:xsi=""http://www.w3.org/2001/XMLSchema-instance"">   <FieldLayoutProperties FieldName=""période"" Area=""ColumnArea"" SortOrder=""Ascending",0,0,1,1,37,Jours 2014,,2014-04-22 ,2014-04-22 ,fd09441c-ced2-43ea-b6cc-3d80b927637b,2,37,,
21,24,"<?xml version=""1.0"" encoding=""utf-16""?> <ArrayOfFieldLayoutProperties xmlns:xsd=""http://www.w3.org/2001/XMLSchema"" xmlns:xsi=""http://www.w3.org/2001/XMLSchema-instance"">   <FieldLayoutProperties FieldName=""code_projet"" Area=""RowArea"" SortOrder=""Ascendin",1,0,5,1,60,DRC projets,,2014-04-23 ,2015-11-24 ,930d9372-d016-4ee8-8f59-d3c53b7d0d07,2,16,0,
22,25,"<?xml version=""1.0"" encoding=""utf-16""?> <ArrayOfFieldLayoutProperties xmlns:xsd=""http://www.w3.org/2001/XMLSchema"" xmlns:xsi=""http://www.w3.org/2001/XMLSchema-instance"">   <FieldLayoutProperties FieldName=""période"" Area=""ColumnArea"" SortOrder=""Ascending",0,0,1,1,57,vu noella,,2014-06-23 ,2014-06-23 ,1f91fe87-83d8-4016-a9e6-7ff33e406d43,2,57,,
23,26,"<?xml version=""1.0"" encoding=""utf-16""?> <ArrayOfFieldLayoutProperties xmlns:xsd=""http://www.w3.org/2001/XMLSchema"" xmlns:xsi=""http://www.w3.org/2001/XMLSchema-instance"">   <FieldLayoutProperties FieldName=""période"" Area=""ColumnArea"" SortOrder=""Ascending",0,0,1,1,60,Consultations,,2014-07-02 ,2016-01-05 ,6ef2df75-cf6e-4191-b27d-3c9f82773843,4,60,0,
24,27,"<?xml version=""1.0"" encoding=""utf-16""?> <ArrayOfFieldLayoutProperties xmlns:xsd=""http://www.w3.org/2001/XMLSchema"" xmlns:xsi=""http://www.w3.org/2001/XMLSchema-instance"">   <FieldLayoutProperties FieldName=""code_projet"" Area=""FilterArea"" SortOrder=""Ascen",0,0,3,1,60,activité budget,,2014-07-17 ,2014-07-17 ,1766ecf7-d668-4a2f-99d2-c1f41aa062c8,2,60,,
25,28,"<?xml version=""1.0"" encoding=""utf-16""?> <ArrayOfFieldLayoutProperties xmlns:xsd=""http://www.w3.org/2001/XMLSchema"" xmlns:xsi=""http://www.w3.org/2001/XMLSchema-instance"">   <FieldLayoutProperties FieldName=""code_projet"" Area=""RowArea"" SortOrder=""Ascendin",0,0,3,1,60,Facturation,,2014-08-05 ,2014-08-05 ,f08b1c7c-350c-470e-aade-73cda9d6ca38,3,60,,
26,29,"<?xml version=""1.0"" encoding=""utf-16""?> <ArrayOfFieldLayoutProperties xmlns:xsd=""http://www.w3.org/2001/XMLSchema"" xmlns:xsi=""http://www.w3.org/2001/XMLSchema-instance"">   <FieldLayoutProperties FieldName=""code_projet"" Area=""RowArea"" SortOrder=""Ascendin",0,1,3,1,60,initial 2015,,2014-12-23 ,2014-12-23 ,e427dd60-9e10-416e-868b-35ce2071a37e,4,60,,
27,30,"<?xml version=""1.0"" encoding=""utf-16""?> <ArrayOfFieldLayoutProperties xmlns:xsd=""http://www.w3.org/2001/XMLSchema"" xmlns:xsi=""http://www.w3.org/2001/XMLSchema-instance"">   <FieldLayoutProperties FieldName=""code_projet"" Area=""RowArea"" SortOrder=""Ascendin",0,0,3,1,65,bc,,2015-09-05 ,2015-09-05 ,acf3ff1a-2d2e-49f6-9e99-7fdd1a74c61d,2,65,0,
28,31,"<?xml version=""1.0"" encoding=""utf-16""?> <ArrayOfFieldLayoutProperties xmlns:xsd=""http://www.w3.org/2001/XMLSchema"" xmlns:xsi=""http://www.w3.org/2001/XMLSchema-instance"">   <FieldLayoutProperties FieldName=""code_financeur"" Area=""FilterArea"" SortOrder=""As",0,0,11,1,60,"",,2015-09-25 ,2015-09-25 ,a3f1ebb5-b69f-4f4a-934a-29b51a2ebfa1,0,60,0,
29,32,"<?xml version=""1.0"" encoding=""utf-16""?> <ArrayOfFieldLayoutProperties xmlns:xsd=""http://www.w3.org/2001/XMLSchema"" xmlns:xsi=""http://www.w3.org/2001/XMLSchema-instance"">   <FieldLayoutProperties FieldName=""code_financeur"" Area=""FilterArea"" SortOrder=""As",0,0,11,1,60,"",,2015-09-29 ,2015-09-29 ,e1ed1ac9-a442-459f-8e89-1f1512a45eef,0,60,0,
30,33,"<?xml version=""1.0"" encoding=""utf-16""?> <ArrayOfFieldLayoutProperties xmlns:xsd=""http://www.w3.org/2001/XMLSchema"" xmlns:xsi=""http://www.w3.org/2001/XMLSchema-instance"">   <FieldLayoutProperties FieldName=""code_financeur"" Area=""FilterArea"" SortOrder=""As",0,0,11,1,60,"",,2015-09-29 ,2015-09-29 ,030e7bd6-9615-4075-ae36-47497d4e4007,0,60,0,
31,34,"<?xml version=""1.0"" encoding=""utf-16""?> <ArrayOfFieldLayoutProperties xmlns:xsd=""http://www.w3.org/2001/XMLSchema"" xmlns:xsi=""http://www.w3.org/2001/XMLSchema-instance"">   <FieldLayoutProperties FieldName=""code_financeur"" Area=""FilterArea"" SortOrder=""As",0,0,11,1,60,"",,2015-09-29 ,2015-09-29 ,9c5afa67-8c02-4500-8cd5-cdb19d07d9e3,0,60,0,
32,35,"<?xml version=""1.0"" encoding=""utf-16""?> <ArrayOfFieldLayoutProperties xmlns:xsd=""http://www.w3.org/2001/XMLSchema"" xmlns:xsi=""http://www.w3.org/2001/XMLSchema-instance"">   <FieldLayoutProperties FieldName=""période"" Area=""ColumnArea"" SortOrder=""Ascending",0,0,1,1,60,"",,2015-09-29 ,2015-09-29 ,757acbfa-ae08-4588-8310-5824df49955e,0,60,0,
33,36,"<?xml version=""1.0"" encoding=""utf-16""?> <ArrayOfFieldLayoutProperties xmlns:xsd=""http://www.w3.org/2001/XMLSchema"" xmlns:xsi=""http://www.w3.org/2001/XMLSchema-instance"">   <FieldLayoutProperties FieldName=""période"" Area=""ColumnArea"" SortOrder=""Ascending",0,0,1,1,60,"",,2015-10-01 ,2015-10-01 ,5c555962-ae3b-4962-9f9e-93b98fd10dbf,0,60,0,
34,37,"<?xml version=""1.0"" encoding=""utf-16""?> <ArrayOfFieldLayoutProperties xmlns:xsd=""http://www.w3.org/2001/XMLSchema"" xmlns:xsi=""http://www.w3.org/2001/XMLSchema-instance"">   <FieldLayoutProperties FieldName=""période"" Area=""ColumnArea"" SortOrder=""Ascending",0,0,1,1,60,"",,2015-10-01 ,2015-10-01 ,01747445-8ad1-4986-9d34-508cdf0e6c80,0,60,0,
35,38,"<?xml version=""1.0"" encoding=""utf-16""?> <ArrayOfFieldLayoutProperties xmlns:xsd=""http://www.w3.org/2001/XMLSchema"" xmlns:xsi=""http://www.w3.org/2001/XMLSchema-instance"">   <FieldLayoutProperties FieldName=""période"" Area=""ColumnArea"" SortOrder=""Ascending",0,0,1,1,60,"",,2015-10-01 ,2015-10-01 ,fbfd5452-e269-4d0b-87c8-66ff449d7c47,0,60,0,
36,39,"<?xml version=""1.0"" encoding=""utf-16""?> <ArrayOfFieldLayoutProperties xmlns:xsd=""http://www.w3.org/2001/XMLSchema"" xmlns:xsi=""http://www.w3.org/2001/XMLSchema-instance"">   <FieldLayoutProperties FieldName=""période"" Area=""ColumnArea"" SortOrder=""Ascending",0,0,1,1,60,"",,2015-10-01 ,2015-10-01 ,186a9bd8-d406-4dcb-a648-9a2bb0a23c46,0,60,0,
37,40,"<?xml version=""1.0"" encoding=""utf-16""?> <ArrayOfFieldLayoutProperties xmlns:xsd=""http://www.w3.org/2001/XMLSchema"" xmlns:xsi=""http://www.w3.org/2001/XMLSchema-instance"">   <FieldLayoutProperties FieldName=""période"" Area=""ColumnArea"" SortOrder=""Ascending",0,0,1,1,60,"",,2015-10-01 ,2015-10-01 ,981b0e61-a16d-436d-9306-de1095d8c453,0,60,0,
38,41,"<?xml version=""1.0"" encoding=""utf-16""?> <ArrayOfFieldLayoutProperties xmlns:xsd=""http://www.w3.org/2001/XMLSchema"" xmlns:xsi=""http://www.w3.org/2001/XMLSchema-instance"">   <FieldLayoutProperties FieldName=""code_projet"" Area=""RowArea"" SortOrder=""Ascendin",0,0,5,1,16,FORMATION,,2015-11-24 ,2015-11-24 ,539fe74a-142c-4e36-9b74-21fd39a4afcc,3,16,0,
39,42,"<?xml version=""1.0"" encoding=""utf-16""?> <ArrayOfFieldLayoutProperties xmlns:xsd=""http://www.w3.org/2001/XMLSchema"" xmlns:xsi=""http://www.w3.org/2001/XMLSchema-instance"">   <FieldLayoutProperties FieldName=""code_projet"" Area=""RowArea"" SortOrder=""Ascendin",0,0,5,1,60,Uganda Budget 2016,Uganda Budget 2016,2016-11-10 ,2016-11-10 ,01248c60-e0a5-4b15-a4d2-6a1135a5b30f,3,60,0,
40,43,"<?xml version=""1.0"" encoding=""utf-16""?> <ArrayOfFieldLayoutProperties xmlns:xsd=""http://www.w3.org/2001/XMLSchema"" xmlns:xsi=""http://www.w3.org/2001/XMLSchema-instance"">   <FieldLayoutProperties FieldName=""code_financeur"" Area=""RowArea"" SortOrder=""Ascen",0,1,11,1,60,NFM,,2017-03-13 ,2017-03-13 ,3c05d1e1-d4dc-4f56-8455-6b1d913701d2,1,60,0,
41,44,"<?xml version=""1.0"" encoding=""utf-16""?> <GridLayout xmlns:xsd=""http://www.w3.org/2001/XMLSchema"" xmlns:xsi=""http://www.w3.org/2001/XMLSchema-instance"">   <Fields>     <GridFieldLayoutProperties Operation=""None"" FieldName=""code_projet"" SortOrder=""None"" ",0,0,5,2,126,"","",2017-07-10 ,2017-07-10 ,2f8fa60c-d186-4baf-9a0f-e66d7d1559a2,1,126,0,
42,45,"<?xml version=""1.0"" encoding=""utf-16""?> <ArrayOfFieldLayoutProperties xmlns:xsd=""http://www.w3.org/2001/XMLSchema"" xmlns:xsi=""http://www.w3.org/2001/XMLSchema-instance"">   <FieldLayoutProperties FieldName=""période"" Area=""FilterArea"" SortOrder=""Ascending",0,0,1,1,19,F up typo,,2018-04-10 ,2018-04-10 ,cfe823c3-c7e8-40ab-99ec-25e42b4bdc0f,1,19,0,
43,46,"<?xml version=""1.0"" encoding=""utf-16""?> <ArrayOfFieldLayoutProperties xmlns:xsd=""http://www.w3.org/2001/XMLSchema"" xmlns:xsi=""http://www.w3.org/2001/XMLSchema-instance"">   <FieldLayoutProperties FieldName=""code_financeur"" Area=""FilterArea"" SortOrder=""As",0,0,11,1,21,Revue projets,,2018-05-18 ,2018-05-18 ,ab16c4bc-8d90-41b5-8abc-7e1c1a18f376,1,21,0,
44,47,"<?xml version=""1.0"" encoding=""utf-16""?> <GridLayout xmlns:xsd=""http://www.w3.org/2001/XMLSchema"" xmlns:xsi=""http://www.w3.org/2001/XMLSchema-instance"">   <Fields>     <GridFieldLayoutProperties Operation=""None"" FieldName=""email_user"" SortOrder=""None"" V",1,1,15,2,160,Défaut,Default,2021-04-15 ,2021-05-03 ,a4d4ea3f-45ee-4b61-8bbf-963999905e15,1,160,0,
45,49,"<?xml version=""1.0"" encoding=""utf-16""?> <GridLayout xmlns:xsd=""http://www.w3.org/2001/XMLSchema"" xmlns:xsi=""http://www.w3.org/2001/XMLSchema-instance"">   <Fields>     <GridFieldLayoutProperties Operation=""None"" FieldName=""période"" SortOrder=""Ascending""",1,1,1,2,160,Défaut,Default,2021-05-04 ,2021-07-20 ,c1c835fe-a42b-4482-8f67-5d6efacca41d,1,160,0,20
46,50,"<?xml version=""1.0"" encoding=""utf-16""?> <GridLayout xmlns:xsd=""http://www.w3.org/2001/XMLSchema"" xmlns:xsi=""http://www.w3.org/2001/XMLSchema-instance"">   <Fields>     <GridFieldLayoutProperties Operation=""None"" FieldName=""session"" SortOrder=""None"" Visi",1,1,17,2,160,Défaut,Default,2021-05-04 ,2021-05-04 ,d7ef1390-b765-4406-bce2-bc143d41b2f6,1,160,0,
47,51,"<?xml version=""1.0"" encoding=""utf-16""?> <GridLayout xmlns:xsd=""http://www.w3.org/2001/XMLSchema"" xmlns:xsi=""http://www.w3.org/2001/XMLSchema-instance"">   <Fields>     <GridFieldLayoutProperties Operation=""None"" FieldName=""session"" SortOrder=""None"" Visi",1,1,16,2,160,Défaut,Default,2021-05-04 ,2021-05-06 ,a3236177-0ca9-459e-aa6c-c8b08b8e8047,1,160,0,
48,53,"<?xml version=""1.0"" encoding=""utf-16""?> <GridLayout xmlns:xsd=""http://www.w3.org/2001/XMLSchema"" xmlns:xsi=""http://www.w3.org/2001/XMLSchema-instance"">   <Fields>     <GridFieldLayoutProperties Operation=""None"" FieldName=""id"" SortOrder=""Ascending"" Visi",1,1,18,2,160,Défaut,Default,2021-05-05 ,2021-05-06 ,04066bd0-0ee7-4f6b-891b-d8cbb5971970,1,160,0,
49,54,"<?xml version=""1.0"" encoding=""utf-16""?> <GridLayout xmlns:xsd=""http://www.w3.org/2001/XMLSchema"" xmlns:xsi=""http://www.w3.org/2001/XMLSchema-instance"">   <Fields>     <GridFieldLayoutProperties Operation=""None"" FieldName=""id"" SortOrder=""Ascending"" Visi",1,1,19,2,160,Défaut,Default,2021-05-05 ,2021-05-06 ,8e039969-b5c1-4697-8adc-70ee80c41989,1,160,0,
50,55,"<?xml version=""1.0"" encoding=""utf-16""?> <GridLayout xmlns:xsd=""http://www.w3.org/2001/XMLSchema"" xmlns:xsi=""http://www.w3.org/2001/XMLSchema-instance"">   <Fields>     <GridFieldLayoutProperties Operation=""None"" FieldName=""id"" SortOrder=""None"" VisibleIn",1,0,19,2,160,Groupé par Thème,Group by Theme,2021-05-05 ,2021-05-06 ,dfde8990-9643-47fb-9394-cef3c20456b4,2,160,0,
51,56,"<?xml version=""1.0"" encoding=""utf-16""?> <GridLayout xmlns:xsd=""http://www.w3.org/2001/XMLSchema"" xmlns:xsi=""http://www.w3.org/2001/XMLSchema-instance"">   <Fields>     <GridFieldLayoutProperties Operation=""None"" FieldName=""id"" SortOrder=""Ascending"" Visi",1,1,20,2,160,Défaut,Default,2021-05-05 ,2021-05-06 ,f1c4ef72-1d5e-45c2-863a-6d5b70798154,1,160,0,
52,57,"<?xml version=""1.0"" encoding=""utf-16""?> <GridLayout xmlns:xsd=""http://www.w3.org/2001/XMLSchema"" xmlns:xsi=""http://www.w3.org/2001/XMLSchema-instance"">   <Fields>     <GridFieldLayoutProperties Operation=""None"" FieldName=""id"" SortOrder=""None"" VisibleIn",1,0,20,2,160,Groupé par Famille & Cat.,Group by Family & Cat.,2021-05-05 ,2021-05-06 ,7fa78e18-957e-4068-836c-ed5c72cc68ff,2,160,0,
53,58,"<?xml version=""1.0"" encoding=""utf-16""?> <GridLayout xmlns:xsd=""http://www.w3.org/2001/XMLSchema"" xmlns:xsi=""http://www.w3.org/2001/XMLSchema-instance"">   <Fields>     <GridFieldLayoutProperties Operation=""None"" FieldName=""id"" SortOrder=""None"" VisibleIn",1,1,21,2,160,Défaut,Default,2021-05-06 ,2021-05-06 ,eecaf992-58f1-4249-b32b-c12d4e27ea64,1,160,0,
54,59,"<?xml version=""1.0"" encoding=""utf-16""?> <GridLayout xmlns:xsd=""http://www.w3.org/2001/XMLSchema"" xmlns:xsi=""http://www.w3.org/2001/XMLSchema-instance"">   <Fields>     <GridFieldLayoutProperties Operation=""None"" FieldName=""id"" SortOrder=""None"" VisibleIn",1,0,21,2,160,Groupé par Famille & Cat.,Group by Family & Cat.,2021-05-06 ,2021-05-06 ,377ea09e-08a1-4d1c-a1bb-8a080fe7c43d,2,160,0,
55,61,"<?xml version=""1.0"" encoding=""utf-16""?> <GridLayout xmlns:xsd=""http://www.w3.org/2001/XMLSchema"" xmlns:xsi=""http://www.w3.org/2001/XMLSchema-instance"">   <Fields>     <GridFieldLayoutProperties Operation=""None"" FieldName=""session"" SortOrder=""None"" Visi",1,1,22,2,160,Défaut,Default,2021-05-07 ,2021-05-07 ,f57a35bc-1089-4d6b-b40f-bc70ea31edb7,1,160,0,
56,62,"<?xml version=""1.0"" encoding=""utf-16""?> <GridLayout xmlns:xsd=""http://www.w3.org/2001/XMLSchema"" xmlns:xsi=""http://www.w3.org/2001/XMLSchema-instance"">   <Fields>     <GridFieldLayoutProperties Operation=""None"" FieldName=""session"" SortOrder=""None"" Visi",1,1,24,2,160,Défaut,Default,2021-05-07 ,2021-05-07 ,b3bff604-8482-4ac5-9500-7a9763bc5e61,1,160,0,
57,63,"<?xml version=""1.0"" encoding=""utf-16""?> <ArrayOfFieldLayoutProperties xmlns:xsd=""http://www.w3.org/2001/XMLSchema"" xmlns:xsi=""http://www.w3.org/2001/XMLSchema-instance"">   <FieldLayoutProperties FieldName=""période"" Area=""ColumnArea"" SortOrder=""Ascending",0,0,1,1,176,Rapport CT,,2021-06-14 ,2021-06-14 ,de4b1cfc-a76d-4514-b20e-75ce48712abe,2,176,0,
58,64,"<?xml version=""1.0"" encoding=""utf-16""?> <ArrayOfFieldLayoutProperties xmlns:xsd=""http://www.w3.org/2001/XMLSchema"" xmlns:xsi=""http://www.w3.org/2001/XMLSchema-instance"">   <FieldLayoutProperties FieldName=""période"" Area=""ColumnArea"" SortOrder=""Ascending",0,0,1,1,185,Rapport CT,,2021-06-17 ,2021-06-17 ,628b6f87-9066-4284-b2de-66a85bf4a0dd,1,185,0,
59,65,"<?xml version=""1.0"" encoding=""utf-16""?> <GridLayout xmlns:xsd=""http://www.w3.org/2001/XMLSchema"" xmlns:xsi=""http://www.w3.org/2001/XMLSchema-instance"">   <Fields>     <GridFieldLayoutProperties Operation=""None"" FieldName=""id"" SortOrder=""Ascending"" Visi",1,1,29,2,160,Défaut,Default,2021-07-28 ,2021-07-28 ,908c43a2-7fe7-4084-985f-bce63d925e0a,1,160,0,20
60,67,"<?xml version=""1.0"" encoding=""utf-16""?> <GridLayout xmlns:xsd=""http://www.w3.org/2001/XMLSchema"" xmlns:xsi=""http://www.w3.org/2001/XMLSchema-instance"">   <Fields>     <GridFieldLayoutProperties Operation=""None"" FieldName=""Code_projet_refMultiText"" Sort",1,1,30,2,160,Défaut,Default,2021-07-29 ,2021-07-29 ,7b45bf8c-4524-4a60-aea0-6f46051492c5,1,160,0,20
61,68,"<?xml version=""1.0"" encoding=""utf-16""?> <GridLayout xmlns:xsd=""http://www.w3.org/2001/XMLSchema"" xmlns:xsi=""http://www.w3.org/2001/XMLSchema-instance"">   <Fields>     <GridFieldLayoutProperties Operation=""None"" FieldName=""code_financeur_refMultiText"" S",1,1,28,2,160,Défaut,Default,2021-07-30 ,2021-07-30 ,a5dd8d37-4d70-431c-b2bb-c5baf7bc46a7,1,160,0,20
62,69,"<?xml version=""1.0"" encoding=""utf-16""?> <GridLayout xmlns:xsd=""http://www.w3.org/2001/XMLSchema"" xmlns:xsi=""http://www.w3.org/2001/XMLSchema-instance"">   <Fields>     <GridFieldLayoutProperties Operation=""None"" FieldName=""code_financeur_refMultiText"" S",1,1,31,2,160,Défaut,Default,2021-07-30 ,2021-07-30 ,8f9a956e-69d9-488a-9802-064c6a06d3dd,1,160,0,20
63,70,"<?xml version=""1.0"" encoding=""utf-16""?> <GridLayout xmlns:xsd=""http://www.w3.org/2001/XMLSchema"" xmlns:xsi=""http://www.w3.org/2001/XMLSchema-instance"">   <Fields>     <GridFieldLayoutProperties Operation=""None"" FieldName=""Exercice_refMultiYear"" SortOrd",1,1,32,2,160,Défaut,Default,2021-07-30 ,2021-07-31 ,9d224a13-d3dd-4095-bee3-de8bd64dbeda,1,160,0,20
